{
  "edges": [
    115.0,
    116.0182113647461,
    117.15998840332031,
    118.32918548583984,
    119.63682556152344,
    121.02285766601562,
    122.36064147949219,
    123.38632202148438,
    124.18132781982422,
    124.8070297241211,
    125.43248748779297,
    126.187255859375,
    127.2926025390625,
    129.1608123779297,
    131.75633239746094,
    135.0
  ],
  "K": 15
}