{
  "mean": [
    3.000638484954834,
    0.02790338173508644,
    0.002217562636360526,
    -0.000272405770374462,
    -0.6167308688163757,
    -1.1426368951797485,
    0.0,
    0.0,
    0.1182437390089035,
    0.0,
    0.0,
    0.8165491223335266,
    0.022722233086824417,
    0.02755599282681942,
    0.24026702344417572,
    0.8346186280250549
  ],
  "std": [
    1.8036175966262817,
    1.397943139076233,
    0.6083105206489563,
    0.6129664182662964,
    1.8468691110610962,
    1.1236119270324707,
    1.0,
    1.0,
    0.27991440892219543,
    1.0,
    1.0,
    1.4407522678375244,
    0.35313600301742554,
    0.35811281204223633,
    0.7014856338500977,
    1.540892481803894
  ]
}